system,severity,utterances,reference_words,substitutions,substitutions_pct_ref_words,deletions,deletions_pct_ref_words,insertions,insertions_pct_ref_words,wer_pct,hyp_more_words_utterances,hyp_more_words_pct_utterances
m0_hubert-large-ls960-ft,mild,824,2086,208,9.971,8,0.384,34,1.63,11.985,26,3.155
m0_hubert-large-ls960-ft,moderate,1003,2579,1016,39.395,50,1.939,171,6.63,47.964,123,12.263
m0_hubert-large-ls960-ft,severe,1250,3133,2140,68.305,86,2.745,494,15.768,86.818,228,18.24
m0_wav2vec2-base-960h,mild,824,2086,368,17.641,15,0.719,46,2.205,20.566,38,4.612
m0_wav2vec2-base-960h,moderate,1003,2579,1465,56.805,104,4.033,256,9.926,70.764,158,15.753
m0_wav2vec2-base-960h,severe,1250,3133,2437,77.785,148,4.724,626,19.981,102.49,274,21.92
m0_whisper-base,mild,824,2086,269,12.895,7,0.336,62,2.972,16.203,45,5.461
m0_whisper-base,moderate,1003,2579,1092,42.342,57,2.21,576,22.334,66.886,203,20.239
m0_whisper-base,severe,1250,3133,2133,68.082,97,3.096,1653,52.761,123.939,367,29.36
m0_whisper-small,mild,824,2086,186,8.917,2,0.096,41,1.965,10.978,31,3.762
m0_whisper-small,moderate,1003,2579,808,31.33,33,1.28,212,8.22,40.83,142,14.158
m0_whisper-small,severe,1250,3133,1863,59.464,83,2.649,904,28.854,90.967,305,24.4
m0_whisper-tiny,mild,824,2086,365,17.498,14,0.671,89,4.267,22.435,61,7.403
m0_whisper-tiny,moderate,1003,2579,1238,48.003,59,2.288,811,31.446,81.737,263,26.221
m0_whisper-tiny,severe,1250,3133,2253,71.912,97,3.096,1543,49.25,124.258,414,33.12
m1_lora_r32,mild,824,2086,44,2.109,1,0.048,1,0.048,2.205,1,0.121
m1_lora_r32,moderate,1003,2579,389,15.083,28,1.086,67,2.598,18.767,43,4.287
m1_lora_r32,severe,1250,3133,1065,33.993,92,2.936,187,5.969,42.898,91,7.280
m1_lora_r32_strict,mild,824,2086,203,9.732,4,0.192,18,0.863,10.786,17,2.063
m1_lora_r32_strict,moderate,1003,2579,822,31.873,58,2.249,135,5.235,39.356,85,8.475
m1_lora_r32_strict,severe,1250,3133,1775,56.655,129,4.117,302,9.639,70.412,137,10.960
