speaker,n_utts,WER% m1_lora_r32_pers_fromLOSO@0min,WER% m1_lora_r32_pers_fromLOSO@5min,delta (pts),CI95,p(B not better)
ALL,1541,24.7,20.8,-3.9,"[-6.1, -2.0]",0.0
F01,57,41.6,33.6,-8.1,"[-20.6, 3.3]",0.106
F03,270,16.0,18.9,2.9,"[-1.2, 7.4]",0.914
F04,212,2.8,3.6,0.8,"[-0.8, 2.5]",0.886
M01,185,33.6,26.0,-7.6,"[-14.6, -1.0]",0.014
M02,193,43.0,33.8,-9.2,"[-17.7, -0.9]",0.019
M03,201,1.4,1.8,0.4,"[-0.7, 1.6]",0.812
M04,191,55.2,39.1,-16.2,"[-24.1, -8.4]",0.0
M05,232,20.7,20.2,-0.5,"[-5.4, 4.1]",0.426
