base_system,speaker,adapt_minutes,WER%
m1_lora_r32_pers_fromLOSO,F01,0.0,41.61073825503356
m1_lora_r32_pers_fromLOSO,F01,1.0,30.201342281879196
m1_lora_r32_pers_fromLOSO,F01,2.0,32.88590604026846
m1_lora_r32_pers_fromLOSO,F01,5.0,33.557046979865774
m1_lora_r32_pers_fromLOSO,F03,0.0,16.017316017316016
m1_lora_r32_pers_fromLOSO,F03,1.0,20.77922077922078
m1_lora_r32_pers_fromLOSO,F03,2.0,23.376623376623378
m1_lora_r32_pers_fromLOSO,F03,5.0,18.903318903318905
m1_lora_r32_pers_fromLOSO,F04,0.0,2.834008097165992
m1_lora_r32_pers_fromLOSO,F04,1.0,9.7165991902834
m1_lora_r32_pers_fromLOSO,F04,2.0,7.489878542510121
m1_lora_r32_pers_fromLOSO,F04,5.0,3.6437246963562755
m1_lora_r32_pers_fromLOSO,M01,0.0,33.59375
m1_lora_r32_pers_fromLOSO,M01,1.0,38.28125
m1_lora_r32_pers_fromLOSO,M01,2.0,39.0625
m1_lora_r32_pers_fromLOSO,M01,5.0,25.9765625
m1_lora_r32_pers_fromLOSO,M02,0.0,43.032786885245905
m1_lora_r32_pers_fromLOSO,M02,1.0,34.42622950819672
m1_lora_r32_pers_fromLOSO,M02,2.0,52.459016393442624
m1_lora_r32_pers_fromLOSO,M02,5.0,33.81147540983606
m1_lora_r32_pers_fromLOSO,M03,0.0,1.3972055888223553
m1_lora_r32_pers_fromLOSO,M03,1.0,5.788423153692615
m1_lora_r32_pers_fromLOSO,M03,2.0,1.1976047904191616
m1_lora_r32_pers_fromLOSO,M03,5.0,1.7964071856287425
m1_lora_r32_pers_fromLOSO,M04,0.0,55.214723926380366
m1_lora_r32_pers_fromLOSO,M04,1.0,57.87321063394683
m1_lora_r32_pers_fromLOSO,M04,2.0,59.50920245398773
m1_lora_r32_pers_fromLOSO,M04,5.0,39.059304703476485
m1_lora_r32_pers_fromLOSO,M05,0.0,20.741989881956155
m1_lora_r32_pers_fromLOSO,M05,1.0,30.522765598650928
m1_lora_r32_pers_fromLOSO,M05,2.0,23.9460370994941
m1_lora_r32_pers_fromLOSO,M05,5.0,20.236087689713322
