system,text_seen,n_utts,WER%,CI95
m0_hubert-large-ls960-ft,seen text,3043,53.9,"[51.6, 56.4]"
m0_hubert-large-ls960-ft,unseen text,34,57.1,"[37.2, 85.0]"
m0_wav2vec2-base-960h,seen text,3043,70.2,"[67.5, 72.8]"
m0_wav2vec2-base-960h,unseen text,34,65.9,"[46.0, 89.4]"
m0_whisper-base,seen text,3043,76.8,"[71.4, 82.6]"
m0_whisper-base,unseen text,34,44.4,"[28.1, 66.7]"
m0_whisper-small,seen text,3043,53.3,"[49.8, 56.8]"
m0_whisper-small,unseen text,34,33.3,"[20.2, 51.2]"
m0_whisper-tiny,seen text,3043,83.5,"[77.7, 89.7]"
m0_whisper-tiny,unseen text,34,48.4,"[34.0, 66.4]"
m1_lora_r32,seen text,3043,23.8,"[22.1, 25.5]"
m1_lora_r32,unseen text,34,35.7,"[21.1, 54.2]"
m1_lora_r32_strict,seen text,3043,44.1,"[41.8, 46.1]"
m1_lora_r32_strict,unseen text,34,49.2,"[30.1, 72.2]"
