system,severity,n_utts,WER%,CI95
m0_hubert-large-ls960-ft,mild,824,12.0,"[10.4, 13.7]"
m0_hubert-large-ls960-ft,moderate,1003,48.0,"[45.0, 51.5]"
m0_hubert-large-ls960-ft,severe,1250,86.8,"[83.8, 89.8]"
m0_wav2vec2-base-960h,mild,824,20.6,"[18.3, 22.9]"
m0_wav2vec2-base-960h,moderate,1003,70.8,"[67.1, 74.3]"
m0_wav2vec2-base-960h,severe,1250,102.5,"[99.7, 105.1]"
m0_whisper-base,mild,824,16.2,"[14.0, 18.7]"
m0_whisper-base,moderate,1003,66.9,"[59.7, 75.2]"
m0_whisper-base,severe,1250,123.9,"[113.1, 136.2]"
m0_whisper-small,mild,824,11.0,"[9.2, 12.7]"
m0_whisper-small,moderate,1003,40.8,"[37.8, 44.6]"
m0_whisper-small,severe,1250,91.0,"[84.3, 98.9]"
m0_whisper-tiny,mild,824,22.4,"[19.8, 25.2]"
m0_whisper-tiny,moderate,1003,81.7,"[72.1, 92.8]"
m0_whisper-tiny,severe,1250,124.3,"[114.8, 134.9]"
m1_lora_r32,mild,824,2.2,"[1.5, 2.9]"
m1_lora_r32,moderate,1003,18.8,"[16.3, 21.4]"
m1_lora_r32,severe,1250,42.9,"[39.6, 46.2]"
m1_lora_r32_strict,mild,824,10.8,"[9.2, 12.5]"
m1_lora_r32_strict,moderate,1003,39.4,"[36.3, 42.6]"
m1_lora_r32_strict,severe,1250,70.4,"[67.5, 73.4]"
