system,speaker,n_utts,WER%,CI95
m0_hubert-large-ls960-ft,F01,114,76.2,"[68.3, 84.3]"
m0_hubert-large-ls960-ft,F03,540,33.0,"[29.8, 36.5]"
m0_hubert-large-ls960-ft,F04,423,15.0,"[12.3, 18.2]"
m0_hubert-large-ls960-ft,M01,369,81.8,"[77.2, 86.6]"
m0_hubert-large-ls960-ft,M02,385,75.8,"[70.1, 82.0]"
m0_hubert-large-ls960-ft,M03,401,8.8,"[6.9, 11.0]"
m0_hubert-large-ls960-ft,M04,382,105.6,"[100.7, 110.7]"
m0_hubert-large-ls960-ft,M05,463,65.9,"[61.2, 71.1]"
m0_wav2vec2-base-960h,F01,114,82.7,"[75.9, 89.0]"
m0_wav2vec2-base-960h,F03,540,51.4,"[47.3, 55.7]"
m0_wav2vec2-base-960h,F04,423,26.4,"[22.8, 30.3]"
m0_wav2vec2-base-960h,M01,369,108.9,"[104.6, 113.4]"
m0_wav2vec2-base-960h,M02,385,96.1,"[90.9, 101.7]"
m0_wav2vec2-base-960h,M03,401,14.4,"[12.0, 17.2]"
m0_wav2vec2-base-960h,M04,382,108.3,"[103.5, 113.3]"
m0_wav2vec2-base-960h,M05,463,94.0,"[89.9, 98.3]"
m0_whisper-base,F01,114,85.9,"[79.3, 93.3]"
m0_whisper-base,F03,540,42.8,"[38.4, 47.8]"
m0_whisper-base,F04,423,20.3,"[16.9, 24.5]"
m0_whisper-base,M01,369,115.6,"[100.0, 133.7]"
m0_whisper-base,M02,385,101.4,"[89.7, 116.1]"
m0_whisper-base,M03,401,11.9,"[9.6, 14.7]"
m0_whisper-base,M04,382,165.2,"[137.8, 195.7]"
m0_whisper-base,M05,463,95.7,"[81.8, 113.1]"
m0_whisper-small,F01,114,84.8,"[74.8, 97.4]"
m0_whisper-small,F03,540,31.5,"[28.0, 36.3]"
m0_whisper-small,F04,423,15.4,"[12.4, 18.7]"
m0_whisper-small,M01,369,83.9,"[74.9, 94.6]"
m0_whisper-small,M02,385,80.2,"[70.2, 93.4]"
m0_whisper-small,M03,401,6.4,"[4.9, 8.2]"
m0_whisper-small,M04,382,110.1,"[95.1, 128.5]"
m0_whisper-small,M05,463,52.0,"[46.5, 57.9]"
m0_whisper-tiny,F01,114,109.7,"[89.3, 145.2]"
m0_whisper-tiny,F03,540,51.2,"[45.8, 56.6]"
m0_whisper-tiny,F04,423,27.2,"[23.2, 31.6]"
m0_whisper-tiny,M01,369,114.7,"[100.7, 132.3]"
m0_whisper-tiny,M02,385,108.8,"[98.6, 121.2]"
m0_whisper-tiny,M03,401,17.4,"[14.0, 20.7]"
m0_whisper-tiny,M04,382,152.9,"[130.1, 179.9]"
m0_whisper-tiny,M05,463,118.3,"[98.1, 142.2]"
m1_lora_r32,F01,114,41.2,"[31.3, 53.0]"
m1_lora_r32,F03,540,16.1,"[13.0, 19.4]"
m1_lora_r32,F04,423,2.6,"[1.7, 3.7]"
m1_lora_r32,M01,369,33.2,"[28.3, 38.4]"
m1_lora_r32,M02,385,39.7,"[33.5, 46.3]"
m1_lora_r32,M03,401,1.8,"[0.9, 2.8]"
m1_lora_r32,M04,382,55.9,"[49.7, 62.1]"
m1_lora_r32,M05,463,22.0,"[18.4, 25.9]"
m1_lora_r32_strict,F01,114,71.5,"[64.1, 78.9]"
m1_lora_r32_strict,F03,540,32.0,"[28.6, 36.0]"
m1_lora_r32_strict,F04,423,12.1,"[9.8, 14.7]"
m1_lora_r32_strict,M01,369,69.1,"[63.1, 75.3]"
m1_lora_r32_strict,M02,385,64.5,"[58.8, 70.5]"
m1_lora_r32_strict,M03,401,9.4,"[7.5, 11.4]"
m1_lora_r32_strict,M04,382,77.2,"[72.1, 83.0]"
m1_lora_r32_strict,M05,463,48.2,"[43.5, 53.2]"
