system,utt_type,n_utts,WER%,CI95
m0_hubert-large-ls960-ft,sentence,736,45.6,"[42.5, 48.6]"
m0_hubert-large-ls960-ft,word,2341,73.4,"[70.9, 76.0]"
m0_wav2vec2-base-960h,sentence,736,63.1,"[59.3, 66.4]"
m0_wav2vec2-base-960h,word,2341,86.3,"[84.0, 88.7]"
m0_whisper-base,sentence,736,60.0,"[54.4, 66.3]"
m0_whisper-base,word,2341,113.8,"[102.5, 127.0]"
m0_whisper-small,sentence,736,39.7,"[35.7, 43.6]"
m0_whisper-small,word,2341,83.9,"[77.5, 91.4]"
m0_whisper-tiny,sentence,736,69.1,"[62.9, 75.3]"
m0_whisper-tiny,word,2341,115.1,"[104.1, 126.2]"
m1_lora_r32,sentence,736,20.2,"[17.9, 23.0]"
m1_lora_r32,word,2341,32.8,"[30.8, 34.7]"
m1_lora_r32_strict,sentence,736,37.4,"[34.5, 40.5]"
m1_lora_r32_strict,word,2341,60.0,"[57.7, 62.5]"
